{"Exif":{"Lat":48.859771,"Long":19.264988,"Date":"0001-01-01T00:00:00Z","Tags":{}}}
